{"x": [-2.0, -1.9595959186553955, -1.9191919565200806, -1.878787875175476, -1.8383837938308716, -1.7979798316955566, -1.7575757503509521, -1.7171716690063477, -1.6767677068710327, -1.6363636255264282, -1.5959596633911133, -1.5555555820465088, -1.5151515007019043, -1.4747475385665894, -1.4343434572219849, -1.39393949508667, -1.3535354137420654, -1.313131332397461, -1.272727370262146, -1.2323232889175415, -1.191919207572937, -1.151515245437622, -1.1111111640930176, -1.070707082748413, -1.0303030014038086, -0.9898989796638489, -0.9494948983192444, -0.9090908765792847, -0.868686854839325, -0.8282828330993652, -0.7878787517547607, -0.747474730014801, -0.7070707082748413, -0.6666666865348816, -0.6262626051902771, -0.5858585834503174, -0.5454545617103577, -0.505050539970398, -0.46464645862579346, -0.42424243688583374, -0.38383838534355164, -0.34343433380126953, -0.3030303120613098, -0.2626262605190277, -0.2222222238779068, -0.1818181872367859, -0.14141413569450378, -0.10101011395454407, -0.06060606241226196, -0.020202022045850754, 0.020202018320560455, 0.06060606241226196, 0.10101009905338287, 0.14141413569450378, 0.1818181872367859, 0.2222222089767456, 0.2626262605190277, 0.3030303120613098, 0.34343433380126953, 0.38383838534355164, 0.42424243688583374, 0.46464645862579346, 0.505050539970398, 0.5454545021057129, 0.5858585834503174, 0.6262626051902771, 0.6666666865348816, 0.7070707082748413, 0.747474730014801, 0.7878787517547607, 0.8282828330993652, 0.868686854839325, 0.9090909361839294, 0.9494949579238892, 0.9898990392684937, 1.0303030014038086, 1.070707082748413, 1.1111111640930176, 1.151515245437622, 1.191919207572937, 1.2323232889175415, 1.272727370262146, 1.313131332397461, 1.3535354137420654, 1.39393949508667, 1.4343434572219849, 1.4747475385665894, 1.5151515007019043, 1.5555555820465088, 1.5959596633911133, 1.6363636255264282, 1.6767677068710327, 1.7171717882156372, 1.7575757503509521, 1.7979798316955566, 1.8383839130401611, 1.878787875175476, 1.9191919565200806, 1.9595959186553955, 2.0], "y": [30.0, 29.191917419433594, 28.383838653564453, 27.575756072998047, 26.767677307128906, 25.9595947265625, 25.15151596069336, 24.343433380126953, 23.535354614257812, 22.727272033691406, 21.919193267822266, 21.11111068725586, 20.303030014038086, 19.494951248168945, 18.68686866760254, 17.8787899017334, 17.070709228515625, 16.26262664794922, 15.454547882080078, 14.646465301513672, 13.838384628295898, 13.030303955078125, 12.222223281860352, 11.414142608642578, 10.606060028076172, 9.797979354858398, 8.989898681640625, 8.181818008422852, 7.373737335205078, 6.565656661987305, 5.757575035095215, 4.949494361877441, 4.141414642333984, 3.333333969116211, 2.525252342224121, 1.7171716690063477, 0.9090909957885742, 0.10101127624511719, 0.0, 0.0, 0.0, 0.0, 0.0, 0.0, 0.0, 0.0, 0.0, 0.0, 0.0, 0.0, 0.0, 0.0, 0.0, 0.0, 0.0, 0.0, 0.0, 0.0, 0.0, 0.0, 0.0, 0.0, 0.0, 0.0, 0.0, 0.0, 0.0, 0.0, 0.0, 0.0, 0.0, 0.0, 0.0, 0.0, 0.0, 0.9090900421142578, 2.121213912963867, 3.3333349227905273, 4.5454559326171875, 5.757576942443848, 6.969697952270508, 8.181821823120117, 9.393939971923828, 10.606063842773438, 11.818184852600098, 13.030303001403809, 14.242426872253418, 15.454545021057129, 16.66666603088379, 17.8787899017334, 19.09090805053711, 20.30303192138672, 21.515155792236328, 22.72727394104004, 23.93939208984375, 25.15151596069336, 26.36363410949707, 27.57575798034668, 28.78787612915039, 30.0]}